Rep,Method,MSE,MSE_standard_error
North/South_Rep6,BCF,0.4796207277892951,0.024063237018546298
North/South_Rep6,BCF-lin,0.5600934269352925,0.07273820273916265
North/South_Rep6,LS,0.23704416507359324,0.015405430655744594
North/South_Rep6,OLS,0.5821398492787428,0.034495734231129074
North/South_Rep6,AVE,1.475537593834983,0.052914513513499316
North/South_Rep2,BCF,0.45096074597761915,0.021920018600861003
North/South_Rep2,BCF-lin,0.47933505210243793,0.028326569522903813
North/South_Rep2,LS,0.23063939839342965,0.014584843675246874
North/South_Rep2,OLS,0.48972849250877853,0.024265199470674074
North/South_Rep2,AVE,1.2784601610977087,0.04317260084203751
North/South_Rep8,BCF,0.4605906957703557,0.023930069283890534
North/South_Rep8,BCF-lin,0.5568665985403355,0.0766887200026263
North/South_Rep8,LS,0.24008888308698653,0.015308587740532023
North/South_Rep8,OLS,0.5203913009705767,0.027426684917116084
North/South_Rep8,AVE,1.3592910734364512,0.0486646712819506
North/South_Rep1,BCF,0.5227139985593744,0.028593174728980587
North/South_Rep1,BCF-lin,1.1233409199759008,0.5663102310347197
North/South_Rep1,LS,0.2841954001905062,0.020094265054421842
North/South_Rep1,OLS,0.679160001572846,0.06709853503685771
North/South_Rep1,AVE,1.485279634421999,0.05224439307100072
North/South_Rep3,BCF,0.47766561935992086,0.022672259005355386
North/South_Rep3,BCF-lin,1.1159302325200269,0.596121651995649
North/South_Rep3,LS,0.24358497889260847,0.015645911520909994
North/South_Rep3,OLS,0.6044652388430936,0.062493259313645015
North/South_Rep3,AVE,1.480149961331237,0.052779928920744845
North/South_Rep5,BCF,0.4685261603748231,0.022796674787516735
North/South_Rep5,BCF-lin,0.6237670400416037,0.09670508996050643
North/South_Rep5,LS,0.22511928615845497,0.014370984931733222
North/South_Rep5,OLS,0.5207880198864773,0.027954811412562126
North/South_Rep5,AVE,1.3932094851897416,0.049260309641076194
North/South_Rep7,BCF,0.45845745827718015,0.023152491616045972
North/South_Rep7,BCF-lin,0.49253621234690315,0.0313949390625959
North/South_Rep7,LS,0.22946230490474553,0.016268716522044455
North/South_Rep7,OLS,0.5243996264401325,0.02811300436726195
North/South_Rep7,AVE,1.3583913011561226,0.04832630725507937
North/South_Rep4,BCF,0.528228575233948,0.026873618833121143
North/South_Rep4,BCF-lin,1.1288246675052596,0.5729626856826564
North/South_Rep4,LS,0.2912893892676171,0.020072400494966152
North/South_Rep4,OLS,0.6259504676481555,0.06838940059725428
North/South_Rep4,AVE,1.4362173621602716,0.05097244264823212
North/South_Rep10,BCF,0.46658344987657613,0.021118559946821523
North/South_Rep10,BCF-lin,0.7114829610170434,0.22136596931031524
North/South_Rep10,LS,0.23049940133961896,0.014659159832189827
North/South_Rep10,OLS,0.5182322287701069,0.033046699039994375
North/South_Rep10,AVE,1.381016112618057,0.04888457737328841
North/South_Rep9,BCF,0.49102815065058314,0.023249727631592568
North/South_Rep9,BCF-lin,0.5863002822567597,0.10092987124506743
North/South_Rep9,LS,0.2425363229531575,0.014836086580631362
North/South_Rep9,OLS,0.5285075532548854,0.02594999925648478
North/South_Rep9,AVE,1.368207739343087,0.04816089035226996
South/North_Rep7,BCF,0.3792629945542607,0.017778142803438014
South/North_Rep7,BCF-lin,0.5063541151110938,0.023756941322170183
South/North_Rep7,LS,0.3097679750814992,0.016596122321074203
South/North_Rep7,OLS,0.6331919254578902,0.06357509917570163
South/North_Rep7,AVE,1.2792300051830823,0.0427015517677855
South/North_Rep2,BCF,0.402402807422421,0.02011877115392022
South/North_Rep2,BCF-lin,0.5498253895870848,0.027465088114053408
South/North_Rep2,LS,0.3271676012657693,0.018715335895286424
South/North_Rep2,OLS,0.5885712359436341,0.028495785611667452
South/North_Rep2,AVE,1.2435442073061767,0.041547457898997144
South/North_Rep4,BCF,0.4168416675543441,0.02155928429018935
South/North_Rep4,BCF-lin,0.6049890557276439,0.0623535091463297
South/North_Rep4,LS,0.3410483306351017,0.020469587182243513
South/North_Rep4,OLS,0.596912632405094,0.030517937271429454
South/North_Rep4,AVE,1.2187342998211976,0.03989824156165598
South/North_Rep3,BCF,0.3682030826782963,0.017236544152759072
South/North_Rep3,BCF-lin,0.5654808956322692,0.07445228404127652
South/North_Rep3,LS,0.3164746948616301,0.016288629465985735
South/North_Rep3,OLS,0.5686033846743307,0.02506695908808038
South/North_Rep3,AVE,1.2381443984016958,0.041207309576625516
South/North_Rep6,BCF,0.3604195600482868,0.01703217620063313
South/North_Rep6,BCF-lin,0.4844931626340263,0.02311366992094969
South/North_Rep6,LS,0.31013062100143246,0.017068026637252116
South/North_Rep6,OLS,0.5570137306270736,0.025635009822362876
South/North_Rep6,AVE,1.246495882992131,0.04051820264708041
South/North_Rep8,BCF,0.3785417139744136,0.018772509027295055
South/North_Rep8,BCF-lin,0.5187580992462995,0.024786726864460724
South/North_Rep8,LS,0.34012128758792876,0.018229675864820268
South/North_Rep8,OLS,0.584527710757704,0.025722204452388375
South/North_Rep8,AVE,1.2908595477087506,0.04162270444306054
South/North_Rep1,BCF,0.3510531944330789,0.015533895847302807
South/North_Rep1,BCF-lin,0.47587756164628275,0.0218498095759172
South/North_Rep1,LS,0.2991556246979707,0.015045237635477228
South/North_Rep1,OLS,0.5931634120186295,0.0672636809223277
South/North_Rep1,AVE,1.2162776742136077,0.03944032224599478
South/North_Rep5,BCF,0.3767328226147798,0.01741123641003655
South/North_Rep5,BCF-lin,0.45862247466710204,0.019950066790263603
South/North_Rep5,LS,0.3050368878871205,0.015495962644884181
South/North_Rep5,OLS,0.5580769499962948,0.024000045552097296
South/North_Rep5,AVE,1.2699667397012817,0.04201715026955413
South/North_Rep10,BCF,0.3631438506057528,0.018110005210886296
South/North_Rep10,BCF-lin,0.48396908722899457,0.023297737518292307
South/North_Rep10,LS,0.3031850070360521,0.017414843336539743
South/North_Rep10,OLS,0.5399186143481858,0.023830421284990213
South/North_Rep10,AVE,1.2481009422474592,0.04085421365143053
South/North_Rep9,BCF,0.37331406357116564,0.017712848872428077
South/North_Rep9,BCF-lin,0.48847712794441595,0.02201940489718999
South/North_Rep9,LS,0.3118108016687303,0.017191518428799298
South/North_Rep9,OLS,0.563689100785847,0.025193292978521502
South/North_Rep9,AVE,1.2012536089131551,0.03933382508018044
East/West_Rep1,BCF,0.4758574676806195,0.022014804024767378
East/West_Rep1,BCF-lin,0.5711489520048657,0.038856322484387
East/West_Rep1,LS,0.35715131259476535,0.02008746505037993
East/West_Rep1,OLS,0.6290096141259672,0.030379310434921137
East/West_Rep1,AVE,1.349931798096681,0.04254590740876652
East/West_Rep5,BCF,0.46928664121327823,0.020828519615079387
East/West_Rep5,BCF-lin,0.5470223404255349,0.03030536272471325
East/West_Rep5,LS,0.33568782836649014,0.01811108621255274
East/West_Rep5,OLS,0.617374051588745,0.02770690405166351
East/West_Rep5,AVE,1.3655799286109065,0.0430863237147465
East/West_Rep6,BCF,0.45637888753728023,0.020687871546728433
East/West_Rep6,BCF-lin,0.5896108112435611,0.042797174395856244
East/West_Rep6,LS,0.3307968223626084,0.01789940011094568
East/West_Rep6,OLS,0.6170549063544275,0.05694536234481693
East/West_Rep6,AVE,1.331830824035724,0.04208170293446877
East/West_Rep4,BCF,0.4228740654656388,0.019230635391042077
East/West_Rep4,BCF-lin,0.5384107743410466,0.03143920072864683
East/West_Rep4,LS,0.31723836030150476,0.01613294019372159
East/West_Rep4,OLS,0.555943662097895,0.02455158801466618
East/West_Rep4,AVE,1.3007199310890063,0.04061397156064378
East/West_Rep8,BCF,0.43356387634560656,0.017982144024279514
East/West_Rep8,BCF-lin,0.5625453613662311,0.03963937042057613
East/West_Rep8,LS,0.32483031358486664,0.015624153057513104
East/West_Rep8,OLS,0.6061155357938888,0.02705812853906371
East/West_Rep8,AVE,1.3659629141655125,0.042892954817432404
East/West_Rep7,BCF,0.435657686543417,0.01801112717072227
East/West_Rep7,BCF-lin,0.5545141829065003,0.033997224796840815
East/West_Rep7,LS,0.3157485954952517,0.016571010021193374
East/West_Rep7,OLS,0.5782202650683409,0.02512031444115897
East/West_Rep7,AVE,1.2940101458167483,0.04094065455885353
East/West_Rep2,BCF,0.4673911096724416,0.02005879412318017
East/West_Rep2,BCF-lin,0.5778089762218717,0.03324996731348173
East/West_Rep2,LS,0.3418013788411878,0.01772509591678997
East/West_Rep2,OLS,0.5879873900882332,0.027964944119369898
East/West_Rep2,AVE,1.3072088487378628,0.04158707921221118
East/West_Rep3,BCF,0.45918268820397345,0.020383308880907336
East/West_Rep3,BCF-lin,0.5650684595006716,0.02940094421956375
East/West_Rep3,LS,0.3458485832386578,0.01766858568441474
East/West_Rep3,OLS,0.5952207005816578,0.02719199402737459
East/West_Rep3,AVE,1.2790333105819847,0.04039665430984013
East/West_Rep10,BCF,0.4434236572833499,0.019204814887895674
East/West_Rep10,BCF-lin,0.5425841856763974,0.033437388643613834
East/West_Rep10,LS,0.32436389414626254,0.017584728271245326
East/West_Rep10,OLS,0.5785390535294229,0.02675870067478
East/West_Rep10,AVE,1.2625864421575086,0.04004428903712035
East/West_Rep9,BCF,0.45558668740514124,0.020018780021099136
East/West_Rep9,BCF-lin,0.5887971554415097,0.039555023413804444
East/West_Rep9,LS,0.328411966732923,0.01690654045088349
East/West_Rep9,OLS,0.6091657320642876,0.025546870576654467
East/West_Rep9,AVE,1.3638556264968844,0.04273847445416287
West/East_Rep6,BCF,0.4025109283799875,0.02003693489233392
West/East_Rep6,BCF-lin,0.5017336539534468,0.03820376667861561
West/East_Rep6,LS,0.2518716126899864,0.013863316558571504
West/East_Rep6,OLS,0.517382822112407,0.025505819354469647
West/East_Rep6,AVE,1.3360160315801173,0.04628480105795339
West/East_Rep3,BCF,0.4656893044785505,0.023680470885101522
West/East_Rep3,BCF-lin,0.8544092044499829,0.2324646128350074
West/East_Rep3,LS,0.29238798999025756,0.018211327161289797
West/East_Rep3,OLS,0.654422939254618,0.05675062232915038
West/East_Rep3,AVE,1.3728567918996093,0.049324250198428406
West/East_Rep2,BCF,0.45947849505532645,0.02739081753307535
West/East_Rep2,BCF-lin,0.8330131052593795,0.21207807361590011
West/East_Rep2,LS,0.2979507316878748,0.02177233646290431
West/East_Rep2,OLS,0.6123331254768514,0.03847826650001073
West/East_Rep2,AVE,1.3402219331492244,0.04697140989094601
West/East_Rep5,BCF,0.42372182691295057,0.022901714731611983
West/East_Rep5,BCF-lin,0.8649875406015491,0.33207705687118105
West/East_Rep5,LS,0.28301482011912815,0.021015553300856096
West/East_Rep5,OLS,0.5984432358956453,0.0715145672736371
West/East_Rep5,AVE,1.3607744415296472,0.04861215040571801
West/East_Rep1,BCF,0.44589074720169064,0.02259602358811495
West/East_Rep1,BCF-lin,0.5097813958499071,0.027832149177797
West/East_Rep1,LS,0.2713795385221735,0.017533366947816254
West/East_Rep1,OLS,0.5488596568578209,0.02805716778211006
West/East_Rep1,AVE,1.4449513694393525,0.051356161289448386
West/East_Rep7,BCF,0.45805261181328544,0.024154103635325695
West/East_Rep7,BCF-lin,0.5346206349689553,0.03553588261909683
West/East_Rep7,LS,0.28544443785831447,0.0188147113858632
West/East_Rep7,OLS,0.5774508108118817,0.03928219997281579
West/East_Rep7,AVE,1.3814436657036766,0.04901744555603318
West/East_Rep4,BCF,0.4359964986600668,0.02493744627833994
West/East_Rep4,BCF-lin,0.5919503354213613,0.06454380645399085
West/East_Rep4,LS,0.27849123785112423,0.01769928801355787
West/East_Rep4,OLS,0.5369116063202635,0.027787306658059435
West/East_Rep4,AVE,1.387944880954856,0.050785250468503754
West/East_Rep8,BCF,0.43579948521836137,0.024310137702486356
West/East_Rep8,BCF-lin,0.750822069940901,0.20055850547769621
West/East_Rep8,LS,0.28624615207655496,0.01936667336638122
West/East_Rep8,OLS,0.5587241293402669,0.030266087875727574
West/East_Rep8,AVE,1.3536301780947664,0.04788240109208447
West/East_Rep10,BCF,0.4423689149782823,0.02330385333911594
West/East_Rep10,BCF-lin,0.595125439483704,0.07058321331864498
West/East_Rep10,LS,0.2789310367396225,0.018497503732233685
West/East_Rep10,OLS,0.5483042515106846,0.029196991809115305
West/East_Rep10,AVE,1.4058143877310274,0.04895217638466982
West/East_Rep9,BCF,0.4174225408452389,0.02175671563807931
West/East_Rep9,BCF-lin,1.1246297609283495,0.3690460666470821
West/East_Rep9,LS,0.2682697984177848,0.016128833505089743
West/East_Rep9,OLS,0.5327352729514389,0.02848797157571849
West/East_Rep9,AVE,1.305642485602223,0.04607840736017961
SE/rest_Rep7,BCF,0.37207986962528866,0.01835024728421175
SE/rest_Rep7,BCF-lin,0.511418426204399,0.024233509086330107
SE/rest_Rep7,LS,0.3086448124531719,0.017622365394228776
SE/rest_Rep7,OLS,0.5630356706933433,0.02504791281677867
SE/rest_Rep7,AVE,1.248683149757001,0.04156393872594903
SE/rest_Rep6,BCF,0.3624361382447363,0.017558476723375443
SE/rest_Rep6,BCF-lin,0.5011891850768357,0.024898760986377794
SE/rest_Rep6,LS,0.2949135381512606,0.015631968228193155
SE/rest_Rep6,OLS,0.5575840655905616,0.02449069963786674
SE/rest_Rep6,AVE,1.2995660969563472,0.04214240592500454
SE/rest_Rep4,BCF,0.39290915338388077,0.0189138529209834
SE/rest_Rep4,BCF-lin,0.5198186182159253,0.02668238422673189
SE/rest_Rep4,LS,0.3188035212129838,0.018183722069695513
SE/rest_Rep4,OLS,0.571717972424863,0.029937246674794197
SE/rest_Rep4,AVE,1.2293946968669005,0.041532454610933724
SE/rest_Rep8,BCF,0.4129691475970807,0.020928698292814324
SE/rest_Rep8,BCF-lin,0.5297977782742628,0.025243222352042252
SE/rest_Rep8,LS,0.34582113236800704,0.0201676423024255
SE/rest_Rep8,OLS,0.5887855689800093,0.0261133934146858
SE/rest_Rep8,AVE,1.272751954081712,0.04119639064208503
SE/rest_Rep5,BCF,0.3599556654705791,0.018182997412291554
SE/rest_Rep5,BCF-lin,0.5277477175488595,0.06281410901809563
SE/rest_Rep5,LS,0.2973029092532887,0.017122882710075223
SE/rest_Rep5,OLS,0.5390043574509207,0.024106346363776465
SE/rest_Rep5,AVE,1.223208997798811,0.04089178718652315
SE/rest_Rep2,BCF,0.39592526824262886,0.0195285238401522
SE/rest_Rep2,BCF-lin,0.5516521206121573,0.03060067342599203
SE/rest_Rep2,LS,0.32686511778584354,0.018414184450095065
SE/rest_Rep2,OLS,0.5833923762565647,0.02760194713235848
SE/rest_Rep2,AVE,1.2901334173072736,0.04148385465409711
SE/rest_Rep3,BCF,0.3636998597733303,0.018593177826704277
SE/rest_Rep3,BCF-lin,0.5032672408882832,0.026156970244934633
SE/rest_Rep3,LS,0.2910688096833814,0.016613911386665743
SE/rest_Rep3,OLS,0.5456863575951506,0.02765315036581534
SE/rest_Rep3,AVE,1.1874181369660652,0.039168170352556306
SE/rest_Rep1,BCF,0.3708982441449979,0.01722725833604986
SE/rest_Rep1,BCF-lin,0.5143185553286554,0.025438869516706552
SE/rest_Rep1,LS,0.32157015013883045,0.01696488556717789
SE/rest_Rep1,OLS,0.5754124741025701,0.026902842353488523
SE/rest_Rep1,AVE,1.257166228793249,0.04080513335338656
SE/rest_Rep9,BCF,0.36604241984205177,0.017362724988269535
SE/rest_Rep9,BCF-lin,0.48021246285881924,0.02210687634348554
SE/rest_Rep9,LS,0.3088331872944174,0.01731964318198873
SE/rest_Rep9,OLS,0.5383336977169392,0.02332282358287727
SE/rest_Rep9,AVE,1.207738598484749,0.039847610063588834
SE/rest_Rep10,BCF,0.3830348976382085,0.017998487047118247
SE/rest_Rep10,BCF-lin,0.5162813489158719,0.02510294079198483
SE/rest_Rep10,LS,0.30247902438731744,0.016572092340191188
SE/rest_Rep10,OLS,0.5709482962462233,0.027412838864278116
SE/rest_Rep10,AVE,1.2943047333689266,0.04251777312505944
rest/SE_Rep6,BCF,0.48815576796693444,0.023987453246149256
rest/SE_Rep6,BCF-lin,1.264745302683192,0.5829578450538396
rest/SE_Rep6,LS,0.265082929736856,0.01833643521100591
rest/SE_Rep6,OLS,0.6313908920093475,0.06760446393346933
rest/SE_Rep6,AVE,1.3375964272797631,0.047658403483481715
rest/SE_Rep1,BCF,0.5042452525026593,0.025010166127701596
rest/SE_Rep1,BCF-lin,1.2093685907765053,0.6287949410878102
rest/SE_Rep1,LS,0.2684615117400042,0.01723516474946134
rest/SE_Rep1,OLS,0.6394769271535536,0.06999805362305729
rest/SE_Rep1,AVE,1.373923870656682,0.049248889867250026
rest/SE_Rep5,BCF,0.5113493475103358,0.022407386612039656
rest/SE_Rep5,BCF-lin,0.5116851218987856,0.0323020981719791
rest/SE_Rep5,LS,0.25701918068572904,0.015607790955500122
rest/SE_Rep5,OLS,0.5616254602991553,0.029011469136599785
rest/SE_Rep5,AVE,1.4078116775717617,0.04861854074451941
rest/SE_Rep8,BCF,0.4772628360287358,0.022039284364550476
rest/SE_Rep8,BCF-lin,0.4897381075909317,0.04599320316049796
rest/SE_Rep8,LS,0.23384151567895667,0.013733180401817868
rest/SE_Rep8,OLS,0.48648197624101747,0.02415314956838577
rest/SE_Rep8,AVE,1.317280978997687,0.04549316566060948
rest/SE_Rep2,BCF,0.45610941870939653,0.02245811450225649
rest/SE_Rep2,BCF-lin,0.4843570451754987,0.02925447411737717
rest/SE_Rep2,LS,0.24820258922889482,0.015656541272811443
rest/SE_Rep2,OLS,0.5082093707390459,0.02685059858577463
rest/SE_Rep2,AVE,1.3657667218475298,0.04795170429602382
rest/SE_Rep4,BCF,0.5226372983165736,0.027099842365586387
rest/SE_Rep4,BCF-lin,1.1486304973931711,0.5948582443200672
rest/SE_Rep4,LS,0.27704993325976035,0.01956905597954056
rest/SE_Rep4,OLS,0.6112276788860126,0.06937629682157956
rest/SE_Rep4,AVE,1.3756153946189023,0.0495523955231338
rest/SE_Rep7,BCF,0.5247560066436826,0.025749407287903057
rest/SE_Rep7,BCF-lin,0.4875083953050307,0.02599535812533574
rest/SE_Rep7,LS,0.25317348815023494,0.01765043489323272
rest/SE_Rep7,OLS,0.5626529115223755,0.029220051542233248
rest/SE_Rep7,AVE,1.4010832618595856,0.0499536723592949
rest/SE_Rep3,BCF,0.4522106041036886,0.02030094239223664
rest/SE_Rep3,BCF-lin,0.6679817128719725,0.1156052430267077
rest/SE_Rep3,LS,0.22288546257993216,0.013453300913500308
rest/SE_Rep3,OLS,0.5519623815100229,0.033001742708133504
rest/SE_Rep3,AVE,1.4123663638442943,0.04958091883937563
rest/SE_Rep10,BCF,0.4994879409525436,0.02414857071855905
rest/SE_Rep10,BCF-lin,0.5060421470941001,0.036202216845507056
rest/SE_Rep10,LS,0.24500033907903918,0.016052608432432478
rest/SE_Rep10,OLS,0.5508433842074753,0.029177192788052402
rest/SE_Rep10,AVE,1.4022411989926105,0.0496810414758892
rest/SE_Rep9,BCF,0.4893388696865232,0.021396337980683383
rest/SE_Rep9,BCF-lin,0.5781717109529946,0.05043978827931844
rest/SE_Rep9,LS,0.2657074853407294,0.01602689708653511
rest/SE_Rep9,OLS,0.575329079371163,0.038986893591426035
rest/SE_Rep9,AVE,1.349525964842296,0.0460403407655957
SW/rest_Rep6,BCF,0.3278238713016051,0.1750663573660391
SW/rest_Rep6,BCF-lin,0.2833953579451673,0.09241410411669994
SW/rest_Rep6,LS,0.4937618223410674,0.26394002395376304
SW/rest_Rep6,OLS,0.2217151299512818,0.08522872031311796
SW/rest_Rep6,AVE,0.7089584689754557,0.29157155372745086
SW/rest_Rep4,BCF,0.8437185840121039,0.3250990059432726
SW/rest_Rep4,BCF-lin,0.2602398414004132,0.07949662949649913
SW/rest_Rep4,LS,0.7977575351883512,0.3660967664322399
SW/rest_Rep4,OLS,0.3216768223960698,0.08887839044784526
SW/rest_Rep4,AVE,1.502801095144583,0.46956134851404996
SW/rest_Rep1,BCF,0.3543139331981811,0.1115127406463671
SW/rest_Rep1,BCF-lin,0.1921051174688295,0.05289844403888604
SW/rest_Rep1,LS,0.4903344474900404,0.31781104791448117
SW/rest_Rep1,OLS,0.17905848122110163,0.05614204971194438
SW/rest_Rep1,AVE,0.7585174418783491,0.2730904074458265
SW/rest_Rep5,BCF,0.7872990461854473,0.3710704519008831
SW/rest_Rep5,BCF-lin,0.43715319046033785,0.17326044746592953
SW/rest_Rep5,LS,0.3821097804039718,0.14081565574908
SW/rest_Rep5,OLS,0.22120850635020145,0.06758830064928138
SW/rest_Rep5,AVE,0.5484668143864745,0.20798006724290252
SW/rest_Rep8,BCF,0.8494255805481562,0.3281831438864677
SW/rest_Rep8,BCF-lin,0.49474426854607306,0.2194868853724839
SW/rest_Rep8,LS,1.066902524008848,0.4110561086823513
SW/rest_Rep8,OLS,0.3950477594999027,0.1528118952153541
SW/rest_Rep8,AVE,0.706984592912832,0.24983678440721074
SW/rest_Rep7,BCF,0.6122605351514715,0.32379149183002953
SW/rest_Rep7,BCF-lin,0.19125232696484884,0.05839927249134653
SW/rest_Rep7,LS,0.36546202238322867,0.25128096462837574
SW/rest_Rep7,OLS,0.22430122127445554,0.07997015747240908
SW/rest_Rep7,AVE,0.7841626123146189,0.37655243429191304
SW/rest_Rep2,BCF,0.25135804970582437,0.07108917703033442
SW/rest_Rep2,BCF-lin,0.31514045049480693,0.09468222637317743
SW/rest_Rep2,LS,0.1624510559110527,0.0559618247119596
SW/rest_Rep2,OLS,0.12085390804402872,0.02653299643797612
SW/rest_Rep2,AVE,0.5382533751938468,0.17744816147088496
SW/rest_Rep3,BCF,0.6680574687503941,0.37600341592078057
SW/rest_Rep3,BCF-lin,0.4355214607048936,0.26511250770511535
SW/rest_Rep3,LS,0.49248654099945904,0.32289160891452956
SW/rest_Rep3,OLS,0.3519211969141793,0.2464815815501196
SW/rest_Rep3,AVE,1.0243873473032237,0.39031509800126163
SW/rest_Rep10,BCF,0.31721162218524873,0.18011031888430065
SW/rest_Rep10,BCF-lin,0.2966669495867773,0.158157536143738
SW/rest_Rep10,LS,0.24660309224289798,0.11139370116656157
SW/rest_Rep10,OLS,0.12009070549236164,0.0388275735201513
SW/rest_Rep10,AVE,0.28681050690133764,0.0580401866468275
SW/rest_Rep9,BCF,0.8969115882490203,0.3837555740921023
SW/rest_Rep9,BCF-lin,0.712224320271061,0.3125091471053062
SW/rest_Rep9,LS,0.8721750996177076,0.47836588926419565
SW/rest_Rep9,OLS,0.6549136610563425,0.3263640788196723
SW/rest_Rep9,AVE,0.8057779912945041,0.34355269897421287
rest/SW_Rep1,BCF,0.4258743006378756,0.014902527264791259
rest/SW_Rep1,BCF-lin,0.4986641351613857,0.021881890218705027
rest/SW_Rep1,LS,0.33618389363358553,0.013397862843182859
rest/SW_Rep1,OLS,0.58727537496351,0.02069679903873164
rest/SW_Rep1,AVE,1.3138562644292404,0.0315513192274457
rest/SW_Rep8,BCF,0.43765374738969365,0.015595961514655865
rest/SW_Rep8,BCF-lin,1.034435799446616,0.45241706603889204
rest/SW_Rep8,LS,0.3310141088669437,0.013530721618391622
rest/SW_Rep8,OLS,1.531940142945793,0.6576046539188607
rest/SW_Rep8,AVE,1.3453275958550195,0.031566014664457624
rest/SW_Rep3,BCF,0.42777825380243834,0.015259590815752453
rest/SW_Rep3,BCF-lin,0.5713515462170092,0.038468088557924725
rest/SW_Rep3,LS,0.3423307467020564,0.013806463465183407
rest/SW_Rep3,OLS,0.6001683088296677,0.024736785835287087
rest/SW_Rep3,AVE,1.2904700305333736,0.030343591265201832
rest/SW_Rep5,BCF,0.42741946283581345,0.014431018527077032
rest/SW_Rep5,BCF-lin,0.7374139025194032,0.1449399076810641
rest/SW_Rep5,LS,0.32674321085755725,0.012762589572795252
rest/SW_Rep5,OLS,0.6037080642036077,0.022730658947870637
rest/SW_Rep5,AVE,1.331638943640548,0.03174910323488893
rest/SW_Rep4,BCF,0.4391478075700236,0.014823576397346142
rest/SW_Rep4,BCF-lin,0.6558482531928498,0.14267452997313523
rest/SW_Rep4,LS,0.3402629045903606,0.01309322467784267
rest/SW_Rep4,OLS,0.6162314660210226,0.027146153887829472
rest/SW_Rep4,AVE,1.3280203752238169,0.03133720409472784
rest/SW_Rep2,BCF,0.4637837115180163,0.015922364249620905
rest/SW_Rep2,BCF-lin,0.6077630934966841,0.05470691946665683
rest/SW_Rep2,LS,0.3615018669354183,0.014535328083236355
rest/SW_Rep2,OLS,0.6216367964309568,0.02148818273151675
rest/SW_Rep2,AVE,1.3215001173101104,0.03159631724293501
rest/SW_Rep7,BCF,0.4209956860707415,0.013640087137153105
rest/SW_Rep7,BCF-lin,0.5255263862072186,0.024005940625034205
rest/SW_Rep7,LS,0.3279859492438445,0.012422053590169565
rest/SW_Rep7,OLS,0.6230354260176211,0.026431004674478748
rest/SW_Rep7,AVE,1.343460991517085,0.03170606953300264
rest/SW_Rep6,BCF,0.4516424860350522,0.015005479453170146
rest/SW_Rep6,BCF-lin,0.9264014927789561,0.32275231045455155
rest/SW_Rep6,LS,0.35154281155289124,0.013558013025495107
rest/SW_Rep6,OLS,0.6440975197273129,0.04297593646371667
rest/SW_Rep6,AVE,1.3174106906702883,0.031097777728961457
rest/SW_Rep10,BCF,0.4409481230523177,0.015403112558500902
rest/SW_Rep10,BCF-lin,0.5356933038470412,0.026907815932284612
rest/SW_Rep10,LS,0.33801196533019673,0.013163949709658672
rest/SW_Rep10,OLS,0.6312243903819482,0.02394252383063405
rest/SW_Rep10,AVE,1.346384881677879,0.031855812268170136
rest/SW_Rep9,BCF,0.4436308276095316,0.015854277163604946
rest/SW_Rep9,BCF-lin,0.9316336461222906,0.3559788202746028
rest/SW_Rep9,LS,0.3401259325899902,0.014115590196999891
rest/SW_Rep9,OLS,0.6371571759357912,0.039305874667754086
rest/SW_Rep9,AVE,1.2901495086807349,0.031145788022097633
NE/rest_Rep7,BCF,0.059374776363558854,0.011993608805453106
NE/rest_Rep7,BCF-lin,0.06740276453140573,0.012707346284402716
NE/rest_Rep7,LS,0.05732193535318524,0.011522245348086758
NE/rest_Rep7,OLS,0.058363101836150934,0.009965619625883774
NE/rest_Rep7,AVE,0.17419164574806426,0.03459899675979446
NE/rest_Rep4,BCF,0.06351192263186406,0.014162300543573198
NE/rest_Rep4,BCF-lin,0.05790270984444859,0.013185792283144383
NE/rest_Rep4,LS,0.05794490967737991,0.012116398118297452
NE/rest_Rep4,OLS,0.05150417451641012,0.010857609260203658
NE/rest_Rep4,AVE,0.1632763837562798,0.02600792158022997
NE/rest_Rep2,BCF,0.05059700801105122,0.007447054247469032
NE/rest_Rep2,BCF-lin,0.055334656531719074,0.007181286176240706
NE/rest_Rep2,LS,0.050946497463811996,0.008807940628201448
NE/rest_Rep2,OLS,0.047709549668681274,0.006895995914697446
NE/rest_Rep2,AVE,0.12623421719691502,0.015829477669313356
NE/rest_Rep6,BCF,0.04479588764468502,0.005780436164255981
NE/rest_Rep6,BCF-lin,0.040697066127987104,0.005028477829908171
NE/rest_Rep6,LS,0.038996463090624496,0.004754423936768756
NE/rest_Rep6,OLS,0.035969542204502956,0.004045913386740339
NE/rest_Rep6,AVE,0.10517131316242687,0.013124165794417914
NE/rest_Rep8,BCF,0.07560853658172323,0.013627099903507434
NE/rest_Rep8,BCF-lin,0.07463808529571501,0.014483200202340835
NE/rest_Rep8,LS,0.06170997166571915,0.012388023810990524
NE/rest_Rep8,OLS,0.05874761787564986,0.012020121973880063
NE/rest_Rep8,AVE,0.16749421393192568,0.023805550204331432
NE/rest_Rep5,BCF,0.050362624571523656,0.009248419680183338
NE/rest_Rep5,BCF-lin,0.046212624939225684,0.007264592515002038
NE/rest_Rep5,LS,0.043313496827018294,0.006978506154599091
NE/rest_Rep5,OLS,0.045769195067102066,0.006971838390302042
NE/rest_Rep5,AVE,0.11278155711879517,0.01689898900647257
NE/rest_Rep1,BCF,0.05173412861804785,0.01206619909100197
NE/rest_Rep1,BCF-lin,0.05043279853080826,0.012075944148357382
NE/rest_Rep1,LS,0.041716334281831774,0.010261113508748691
NE/rest_Rep1,OLS,0.04717047310998408,0.011342338216197827
NE/rest_Rep1,AVE,0.11565941879190837,0.016284367095962052
NE/rest_Rep3,BCF,0.04198169457956611,0.008742210897344647
NE/rest_Rep3,BCF-lin,0.04520438289584229,0.00827372940798224
NE/rest_Rep3,LS,0.03820639340306174,0.006853102266816624
NE/rest_Rep3,OLS,0.03896631829996161,0.00654938810094774
NE/rest_Rep3,AVE,0.10768581278480503,0.014339226617078118
NE/rest_Rep9,BCF,0.050096097464516286,0.008841354965632498
NE/rest_Rep9,BCF-lin,0.05725798323521059,0.010315914982794596
NE/rest_Rep9,LS,0.04599375815363525,0.008214827633212006
NE/rest_Rep9,OLS,0.04601735299958337,0.007583860308010047
NE/rest_Rep9,AVE,0.12718832535142227,0.018750511713052663
NE/rest_Rep10,BCF,0.03164175484775346,0.0043790515951730846
NE/rest_Rep10,BCF-lin,0.03410627797272154,0.004431400648105386
NE/rest_Rep10,LS,0.03281216927396549,0.004281473906643028
NE/rest_Rep10,OLS,0.031155858231706458,0.003741012330071007
NE/rest_Rep10,AVE,0.09121583187748245,0.012322334523235692
rest/NE_Rep5,BCF,0.4193847890634059,0.015446152380820985
rest/NE_Rep5,BCF-lin,0.5391447233587408,0.035687239155602596
rest/NE_Rep5,LS,0.34341497531786086,0.014871265661502613
rest/NE_Rep5,OLS,0.6000498524067279,0.023472345609111912
rest/NE_Rep5,AVE,1.2429386835761462,0.030414164751828725
rest/NE_Rep4,BCF,0.42949131456130263,0.015186989579575734
rest/NE_Rep4,BCF-lin,0.6941226632518097,0.1266669414155292
rest/NE_Rep4,LS,0.3324889184043567,0.013592912709864513
rest/NE_Rep4,OLS,0.5991057505243575,0.020719119013213407
rest/NE_Rep4,AVE,1.320151505873538,0.03248680391010955
rest/NE_Rep2,BCF,0.45563599066352894,0.01707499117994272
rest/NE_Rep2,BCF-lin,0.5968039106449741,0.029737564706633635
rest/NE_Rep2,LS,0.3582387222196883,0.015533874097149031
rest/NE_Rep2,OLS,0.638498838917621,0.023258483918964096
rest/NE_Rep2,AVE,1.2975653486939165,0.03147561246290319
rest/NE_Rep8,BCF,0.4153321651494345,0.014885670286562114
rest/NE_Rep8,BCF-lin,0.5373178269871046,0.02336040345524331
rest/NE_Rep8,LS,0.32899646884729916,0.013756162945682639
rest/NE_Rep8,OLS,0.5933058830691614,0.02116100022275286
rest/NE_Rep8,AVE,1.3057517028546897,0.031427103828091114
rest/NE_Rep6,BCF,0.4365253340229733,0.014747196165130778
rest/NE_Rep6,BCF-lin,0.5560244338179258,0.03461341377240277
rest/NE_Rep6,LS,0.33339470165958757,0.012845991505787562
rest/NE_Rep6,OLS,0.5921159937652498,0.021931126391577682
rest/NE_Rep6,AVE,1.2642322769727703,0.030702166349502995
rest/NE_Rep3,BCF,0.4327083293914214,0.015228784989086672
rest/NE_Rep3,BCF-lin,0.6365301921892939,0.06366842961692364
rest/NE_Rep3,LS,0.3405755434377051,0.013938211821036205
rest/NE_Rep3,OLS,0.6759801267793638,0.04113697202663757
rest/NE_Rep3,AVE,1.324224084280915,0.03162393183914746
rest/NE_Rep7,BCF,0.4472368462194125,0.014881138596065857
rest/NE_Rep7,BCF-lin,0.5191826745137164,0.020466787950019355
rest/NE_Rep7,LS,0.34866930704587706,0.012837509275640742
rest/NE_Rep7,OLS,0.61715555718029,0.02147785126517857
rest/NE_Rep7,AVE,1.330250583267105,0.03228489648232856
rest/NE_Rep1,BCF,0.4147747698747532,0.014365182838281249
rest/NE_Rep1,BCF-lin,0.49977997186748224,0.021712562746875826
rest/NE_Rep1,LS,0.32283953911168645,0.012818225776244545
rest/NE_Rep1,OLS,0.5909016417481713,0.020077697299471606
rest/NE_Rep1,AVE,1.298752361419724,0.03152335095728997
rest/NE_Rep9,BCF,0.42610108471506347,0.01506247580765063
rest/NE_Rep9,BCF-lin,0.5223548197402677,0.02085514612656196
rest/NE_Rep9,LS,0.33529337947164334,0.013374376043517685
rest/NE_Rep9,OLS,0.6248194176499928,0.034248828007941476
rest/NE_Rep9,AVE,1.329680727357517,0.03183672029126641
rest/NE_Rep10,BCF,0.4161190397887049,0.014071564076377639
rest/NE_Rep10,BCF-lin,0.7327027023486995,0.20345668554416774
rest/NE_Rep10,LS,0.314115252135731,0.01234677403018714
rest/NE_Rep10,OLS,0.5868276058144977,0.02279177168963538
rest/NE_Rep10,AVE,1.239741395921559,0.03042821379527771
NW/rest_Rep5,BCF,0.45926517933452593,0.024448626261711
NW/rest_Rep5,BCF-lin,1.036137761180146,0.5164358023256742
NW/rest_Rep5,LS,0.2961527115533953,0.021313983794403767
NW/rest_Rep5,OLS,0.600316961429901,0.06759660833848317
NW/rest_Rep5,AVE,1.3517637013177568,0.04851825829561992
NW/rest_Rep2,BCF,0.4398349797674794,0.025548865618389194
NW/rest_Rep2,BCF-lin,1.0965041185341653,0.5549647735296055
NW/rest_Rep2,LS,0.3023406675095226,0.02326565067468888
NW/rest_Rep2,OLS,0.6255647858212176,0.07130764281382101
NW/rest_Rep2,AVE,1.3611605762564005,0.04866103420717205
NW/rest_Rep1,BCF,0.4299944862508314,0.022382200404017557
NW/rest_Rep1,BCF-lin,0.5186226419722313,0.03315717312527121
NW/rest_Rep1,LS,0.2716137881464412,0.017885784221369726
NW/rest_Rep1,OLS,0.5510166357213934,0.027177520073848528
NW/rest_Rep1,AVE,1.4259222132859994,0.05038472938386319
NW/rest_Rep8,BCF,0.4470430025096276,0.024692925490719858
NW/rest_Rep8,BCF-lin,0.546278229283243,0.03196953653556743
NW/rest_Rep8,LS,0.27688677591022726,0.018913979657501596
NW/rest_Rep8,OLS,0.574436134806725,0.03217252084154947
NW/rest_Rep8,AVE,1.3430140838103883,0.04832589193291101
NW/rest_Rep6,BCF,0.4264044626749215,0.022702934954510066
NW/rest_Rep6,BCF-lin,0.5240526596897447,0.0354172921417887
NW/rest_Rep6,LS,0.24935128787801522,0.017111539740642463
NW/rest_Rep6,OLS,0.5430333098671531,0.0292906869722176
NW/rest_Rep6,AVE,1.3937254007103372,0.04849840876647691
NW/rest_Rep4,BCF,0.40776510955503814,0.020829372149145382
NW/rest_Rep4,BCF-lin,0.5653006500235044,0.053094956128292126
NW/rest_Rep4,LS,0.2718126236845398,0.016630625550340478
NW/rest_Rep4,OLS,0.5127125115287656,0.024727629619850592
NW/rest_Rep4,AVE,1.4218366148369865,0.05113084790900687
NW/rest_Rep7,BCF,0.4257836545877838,0.024151449047723345
NW/rest_Rep7,BCF-lin,0.7803653609998935,0.15102108495996117
NW/rest_Rep7,LS,0.26918278795077955,0.018390203301751805
NW/rest_Rep7,OLS,0.5715642596971778,0.03853477154272875
NW/rest_Rep7,AVE,1.4023134587127655,0.04927882797172564
NW/rest_Rep3,BCF,0.41702504936190365,0.022042298803271288
NW/rest_Rep3,BCF-lin,0.8857903357424217,0.1468564347154369
NW/rest_Rep3,LS,0.28154340290522956,0.015722626484680216
NW/rest_Rep3,OLS,0.6310978761149406,0.054431122361878095
NW/rest_Rep3,AVE,1.3768403269451177,0.050141467406855315
NW/rest_Rep9,BCF,0.43358758967952654,0.022191566048230367
NW/rest_Rep9,BCF-lin,0.82572392590274,0.2572183793844619
NW/rest_Rep9,LS,0.24766002747140214,0.014582042081399507
NW/rest_Rep9,OLS,0.559843714483635,0.028758564204053465
NW/rest_Rep9,AVE,1.3404380588134692,0.04927150459240069
NW/rest_Rep10,BCF,0.3937682173619807,0.022437603118290836
NW/rest_Rep10,BCF-lin,0.6366122770111523,0.09290769831847481
NW/rest_Rep10,LS,0.254334498411392,0.0164192663835827
NW/rest_Rep10,OLS,0.5297980155237544,0.030625460173052056
NW/rest_Rep10,AVE,1.3364997545662964,0.04752662056058599
rest/NW_Rep4,BCF,0.4757611737513849,0.02098485946522884
rest/NW_Rep4,BCF-lin,0.5551570214443053,0.03373114226043892
rest/NW_Rep4,LS,0.3189574978988767,0.017095964621467365
rest/NW_Rep4,OLS,0.5631672206150684,0.02583014928849503
rest/NW_Rep4,AVE,1.3072217700838076,0.04187886962571947
rest/NW_Rep8,BCF,0.46000462859658525,0.018940446868229065
rest/NW_Rep8,BCF-lin,0.5268358665098389,0.02642787512788689
rest/NW_Rep8,LS,0.32619636753956044,0.015895909312390023
rest/NW_Rep8,OLS,0.5817553719815012,0.026261387655395284
rest/NW_Rep8,AVE,1.3221915646596138,0.041510854622366894
rest/NW_Rep7,BCF,0.438836791205441,0.018665261620323243
rest/NW_Rep7,BCF-lin,0.5214761488957195,0.027492284558179047
rest/NW_Rep7,LS,0.31927882243962163,0.015963292722377398
rest/NW_Rep7,OLS,0.6158507757927937,0.05606378717135849
rest/NW_Rep7,AVE,1.3174382082107479,0.04185694678410825
rest/NW_Rep1,BCF,0.4369558425520106,0.02011329474593818
rest/NW_Rep1,BCF-lin,0.5425489944175784,0.032255710706243675
rest/NW_Rep1,LS,0.3318178538997288,0.0186319931744589
rest/NW_Rep1,OLS,0.6333247497293563,0.057839785303822604
rest/NW_Rep1,AVE,1.3048579635747806,0.041124747324620035
rest/NW_Rep5,BCF,0.45606150071003165,0.019299929426555625
rest/NW_Rep5,BCF-lin,0.5617949172650936,0.034268227562200236
rest/NW_Rep5,LS,0.3179099155085165,0.015770263108688336
rest/NW_Rep5,OLS,0.5821410249734003,0.02559831461462143
rest/NW_Rep5,AVE,1.3703329290467987,0.04240456917356974
rest/NW_Rep3,BCF,0.4671470091821192,0.020876296294045322
rest/NW_Rep3,BCF-lin,0.5551767737571096,0.03171063448274788
rest/NW_Rep3,LS,0.35826323159518036,0.01849805982395611
rest/NW_Rep3,OLS,0.6064840984113296,0.029574858512185203
rest/NW_Rep3,AVE,1.2717915137147269,0.04024648514861768
rest/NW_Rep2,BCF,0.4427312519931992,0.019612338463734943
rest/NW_Rep2,BCF-lin,0.5412446336937846,0.031742480268960135
rest/NW_Rep2,LS,0.317719660040856,0.016011872031504025
rest/NW_Rep2,OLS,0.5850874606277039,0.047105834493263415
rest/NW_Rep2,AVE,1.2721287602005302,0.0398950012778243
rest/NW_Rep6,BCF,0.4779423312805094,0.022311772232996095
rest/NW_Rep6,BCF-lin,0.6146775123215629,0.05004608938582879
rest/NW_Rep6,LS,0.34877249004533134,0.018413044350212755
rest/NW_Rep6,OLS,0.5987599339728961,0.029314307791468833
rest/NW_Rep6,AVE,1.3251368714189824,0.04163141098408548
rest/NW_Rep10,BCF,0.45167056896815533,0.018563450255683525
rest/NW_Rep10,BCF-lin,0.5841994501190005,0.04336155475802255
rest/NW_Rep10,LS,0.3162984650191809,0.016062878615851883
rest/NW_Rep10,OLS,0.6599108883397738,0.07117611905809396
rest/NW_Rep10,AVE,1.3527796079196122,0.04254182664808503
rest/NW_Rep9,BCF,0.46914051158496384,0.020228375155169617
rest/NW_Rep9,BCF-lin,0.6052628657318968,0.03829026310775936
rest/NW_Rep9,LS,0.34650577521268056,0.018057091152330368
rest/NW_Rep9,OLS,0.8191430131942808,0.16365771217103164
rest/NW_Rep9,AVE,1.3572041527071839,0.043181220625749896
